<?xml version="1.0" encoding="UTF-8"?>
<project-private xmlns="http://www.netbeans.org/ns/project-private/1">
    <editor-bookmarks xmlns="http://www.netbeans.org/ns/editor-bookmarks/2" lastBookmarkId="0"/>
    <open-files xmlns="http://www.netbeans.org/ns/projectui-open-files/2">
        <group>
            <file>file:/C:/Users/mija2/OneDrive%20-%20Universidad%20Fidélitas/Proyecto_Estructuras_Cliente/src/Main.java</file>
            <file>file:/C:/Users/mija2/OneDrive%20-%20Universidad%20Fidélitas/Proyecto_Estructuras_Cliente/src/Nodo_LSC.java</file>
            <file>file:/C:/Users/mija2/OneDrive%20-%20Universidad%20Fidélitas/Proyecto_Estructuras_Cliente/src/Compra_LSC.java</file>
            <file>file:/C:/Users/mija2/OneDrive%20-%20Universidad%20Fidélitas/Proyecto_Estructuras_Cliente/src/Articulos.java</file>
            <file>file:/C:/Users/mija2/OneDrive%20-%20Universidad%20Fidélitas/Proyecto_Estructuras_Cliente/src/VentanaAgregar.java</file>
        </group>
    </open-files>
</project-private>
